<?xml version="1.0" encoding="UTF-8"?>
<project-private xmlns="http://www.netbeans.org/ns/project-private/1">
    <editor-bookmarks xmlns="http://www.netbeans.org/ns/editor-bookmarks/2" lastBookmarkId="0"/>
    <open-files xmlns="http://www.netbeans.org/ns/projectui-open-files/2">
        <group>
            <file>file:/C:/Users/Yindo/Desktop/School/Netbeans/Questionaire/src/questionaire/QuestionWindowController.java</file>
            <file>file:/C:/Users/Yindo/Desktop/School/Netbeans/Questionaire/src/questionaire/Questionaire.java</file>
            <file>file:/C:/Users/Yindo/Desktop/School/Netbeans/Questionaire/src/questionaire/MainWindowController.java</file>
            <file>file:/C:/Users/Yindo/Desktop/School/Netbeans/Questionaire/src/questionaire/MainWindow.fxml</file>
            <file>file:/C:/Users/Yindo/Desktop/School/Netbeans/Questionaire/src/questionaire/QuestionWindow.fxml</file>
        </group>
    </open-files>
</project-private>
